{"accuracy": [1.0, 1.0, 1.0, 1.0, 1.0, 1.0, 1.0, 1.0, 1.0, 1.0], "loss": [3.1117172640676705e-12, 3.1117163967059325e-12, 3.1117150956633255e-12, 3.111710542014201e-12, 3.111703169439428e-12, 3.1116970979072622e-12, 3.111686472725972e-12, 3.111685605364234e-12, 3.1116749801829435e-12, 3.111663487639915e-12], "val_accuracy": [1.0, 1.0, 1.0, 1.0, 1.0, 1.0, 1.0, 1.0, 1.0, 1.0], "val_loss": [5.090963812785394e-17, 5.090944622195183e-17, 5.090943629578448e-17, 5.090917159798846e-17, 5.0909069027592504e-17, 5.0908963148474097e-17, 5.0908771242571984e-17, 5.090866867217603e-17, 5.0908473457551465e-17, 5.0908294786539154e-17]}